<?xml version="1.0" encoding="UTF-8"?>
<project-private xmlns="http://www.netbeans.org/ns/project-private/1">
    <editor-bookmarks xmlns="http://www.netbeans.org/ns/editor-bookmarks/2" lastBookmarkId="0"/>
    <open-files xmlns="http://www.netbeans.org/ns/projectui-open-files/2">
        <group>
            <file>file:/C:/xampp/htdocs/php04KlasyObiekty/przyklad07.php</file>
            <file>file:/C:/xampp/htdocs/php04KlasyObiekty/produkty.txt</file>
            <file>file:/C:/xampp/htdocs/php04KlasyObiekty/index.html</file>
            <file>file:/C:/xampp/htdocs/php04KlasyObiekty/przyklad07.html</file>
        </group>
    </open-files>
</project-private>
